author_id,author_name
a6a42110-5a31-4328-8370-01fdb6f08e63,Sidki M.
1204f286-b322-452e-ad8b-383ea1ec5eb0,Juariah 
251af653-31ca-4fed-b5c8-752c3a0666e1,Antohin A.S.
31559ce9-480a-4f1e-a3c5-2e3d4e75cbf3,Xu R.
34f98838-bff2-4c85-b85d-6291c2d459e5,Laaboudi F.Z.
77a89f7c-4b0f-4ace-96cf-a56e313fbf8b,Zejjari I.
5c4f0fd6-b5a6-4d4a-bbf1-5d958e7a778f,Hindi Z.
76690a5c-efc7-47ca-86a6-322d1f7e0669,Lössbroek J.
29d7e9fd-8fcc-4275-a45e-72bd65e74f7f,Cabano F.G.
ca0ee351-e55f-4b3b-9489-83bacbac3cd0,Meghouar H.
16764840-69b1-4df4-8f7a-8b3082661573,TanTai B.
2e6fc73e-edfa-443b-9c8f-dafee5013357,Werczberger R.
ebccbfef-7e1e-4977-bdd5-726122885559,Akhtar M.W.
8b7e970b-a8cb-4951-93a9-2f7454fb10d0,Ibrahim A.E.A.
169b5282-a371-455c-968f-3292af54eda1,Bou-Karroum L.
0fb7fdc5-cb0c-45fc-a400-baf28b3123a5,Elmorally R.
4189ed60-b323-4109-a0e9-52b274b9f69d,Toska S.
f954f942-0ab2-421a-b940-9ba6dd84ed6b,Laachach A.
848eb858-bdb1-4141-a245-c519a7d317e3,Hwang E.
e447ef45-78bf-4b18-b1f2-7f294ee8ae12,Rosario-Ramos L.
2c271917-c532-42ef-9ba5-c8423b2cf6d7,Rehman S.A.
c97ee44d-ec5f-439b-b9c3-a1cb9b81a8b9,Ullah A.A.
e467864a-c29d-437c-9faf-57cddd736f14,Martoni F.
29008469-2640-4e3e-8d42-b1b615d3eabd,Kisa S.
a1ad5ff5-a87b-40d5-bbbc-5a058772231a,Cetre S.
871d7cea-b30f-47d3-b91b-45855102d621,Gbondo A.M.
5e6d5fa0-7109-44bb-ae7c-be368ee28f26,Chester D.
2c62c1a5-8953-4b5c-b218-98c6eacf0343,Adel N.
641012b8-82cd-411b-9d3f-46082156d2f9,Shava E.
42fe5d33-6fd6-4035-81fe-c13cd430c5f4,Benadon F.
e6ef1f0b-7b53-4882-add3-885ad3fe68cc,Dall'Agnola J.
010045e6-7a94-4b2e-83df-a818f4c63c22,Mareï N.
941b7080-1e75-4f6e-bc3f-259665e4f029,Undelikwo V.A.
47142bff-9ceb-4d9e-8fb4-df0d6ee2e24f,Ibrahim A.F.
3d9eac40-c41e-460a-a417-07ba21e509f5,Zhao Y.
6c40b6e3-243f-4a9b-b787-34ae0de42449,Ofori S.K.
789f3393-18d9-463b-89b5-03ec4a2402f2,Hanafi I.
cb6e5ae5-7a53-4045-af79-d4ed33ab6d1a,Linando J.A.
1e1ce1fa-f575-45f5-9043-18797bec29de,Segovia-Martin J.
a4bd6092-7d63-44b0-96f0-5f07197edf5c,Gaur D.
3584efc5-27cf-4216-ae12-1fbd3ddfa19f,Nobanee H.
f4d9251c-a294-48e1-9fcf-1decbbc11b63,Hussain B.
6932668c-d8a8-4f20-bd64-932b7261ed05,Moustatraf A.
ca152093-9cb7-4b56-aed1-9f88099c8112,Kinati W.
cb1705be-11d5-49ec-9e24-bcedbe8145d0,Ibrahim M.E.
eee80899-2afd-402c-a25e-a6325f49d61c,Niya B.
5f8ff5b3-a40b-4fa5-858e-95ff2686c97f,Siswanto 
c9ec14a9-604f-4488-9a6f-67c5d19f9716,Saleh M.
945bea9a-1d1d-481b-af98-98c638a2457f,Kabir M.A.
83d546d2-57e3-4227-b737-a6cf208671d7,Elijah S.
0cd8abd4-7ffd-4019-8cf3-420ebeacce0f,Naim R.
34cb4d1c-e4e3-4b49-9b6c-dd7313356332,Kowal M.
33f15ee2-db58-4849-8dd2-a4f5b147bcee,Pizzigalli C.
9a317cd0-dd97-40fd-abd4-bcc8f8d67edd,Arfaoui M.
5f259a40-938d-40f9-afad-73acc5c227e0,Comet C.
394fd6bc-abe6-4c97-942d-2932ff760561,Raza S.A.
9e53eb5f-6d7e-49c1-aa43-627bdee9d651,Silva A.O.
8e93692e-0ce5-47af-9643-8facf7ba5f24,Achmakou L.
5809b9f8-ef7f-4902-9441-86a7a51eab20,Heinz M.
dd68f30a-21fc-44ed-9845-0c91e6460607,Nguyen L.T.
2a48040b-fb60-45e2-9a58-97a17087ae4d,Wnuk M.
e02b98cf-0336-4635-a942-fd73a9cc3371,Burns K.
8a7e8994-c899-454e-bdff-715fb1e1a789,Giuliano R.
5d90349a-a21e-42fb-8439-4f1e9bf755b7,Richter C.
47ec5e94-7ca2-4213-a250-9d7da2c7b10b,Ahmad F.
f2ffdcd0-4dc6-43ea-806f-4f8137725ac0,Setchell J.M.
61fb4dbf-84a6-490d-938a-bef6d6d0e654,Yasin R.
2af96e85-ac2a-43ee-ac81-5277d9659ee8,El Kassimi M.
50328a9c-48d6-481d-b76f-a4adc961bef5,El Oumary O.
eb328b2b-6be3-41ff-a544-403106155621,Subhani M.
5391d356-694e-4644-8c99-59031a1f4a8a,Smith J.H.
d2bc8753-815f-4bdc-a869-d3c8e4fe2c53,Saidi H.
d2f4cee5-878e-4fc5-947c-305e33ab10d6,Bayalieva Jailobaeva K.
1a6ba69d-13b7-4cc0-a5e4-96e3501098f5,Valan M.L.
ceb6cda2-520c-4b1e-829b-485fcca00011,Dasgupta A.
7a9aa268-1314-4190-aaab-3c1580301898,Köndgen O.
0b2419f0-ae4c-440b-b601-f88f5c519faf,Izugbara C.
6e041c7e-4f7e-407b-93b8-732f469dd694,Ridge H.M.
51d86063-f197-4779-95dd-8327e72a76fc,Ayegbusi T.R.
639f1520-27a8-43ea-bec3-6629c3c7005f,de Oliveira Filho J.H.
e9535852-a2dc-41f7-a973-d8e7ac13d293,Vendrell-Herrero F.
ca043cf0-ef19-4c8e-968d-0c215f608d96,Raza M.W.
c182f39a-964d-4a24-be79-186678233d14,Mekonnen A.G.
60b1bf1c-2dc5-4716-9548-7b758a7fb9af,Koralay O.E.
c66753cd-5b5a-46ed-8f6a-bc1e59208ba3,Bravo-Ortega C.
e70d78c6-a5ca-4698-9f09-50f42de76364,Zhang J.
7b40aebb-c102-42e7-b19e-498f5e7598aa,El Bairi K.
dbe0fec0-dc22-4a56-bd27-c5e422cb4750,Munk P.
07e63e2e-f579-402c-9701-db16e0e51598,Von Hoene E.
c3318e8e-e1fb-44dc-bdee-66a17e503ea2,Kor S.
1fcea7f5-cba4-4ac0-a490-d4f0721c3da5,Farzana N.
f05a1200-aa40-44c7-919f-589eb6773e6e,Chatterjee S.
defef913-b70f-416d-917f-19220a702f97,Pindado E.
1c344c94-b856-4474-a1f8-9538557bfbe3,Aldibiki A.
ac87d2e7-e51f-4d93-be07-6bffe124d22b,Brünig B.
0b1d34ba-0836-4320-9ed7-404ed92f4a44,Alvarez Gallo S.
f18c0957-ec0c-4794-8990-708ac7642e50,Al-Jayyousi O.
4e962a93-d280-4f60-a0e9-3aec10dda477,Chen G.
32e69c2e-ab7c-47d9-be33-bbbc85b2c1cd,Jia H.
3c3012e1-8580-467b-ba15-8f6af08b4dc0,Kastratović R.
988212fe-9f97-4bff-b6d3-00ed1dbed2a3,Vieira V.G.R.
9a2a256b-64f3-4176-9198-a32761b1699c,Qamruzzaman M.
15651902-5c74-4d1f-980a-66633d00a0cf,Wang E.Z.
22bfab6f-b90e-4a88-9df5-8f54df0bac82,Malaeb D.
d79db124-b44d-4aeb-8065-e74dbb450732,Toumbourou T.D.
54a44912-f50e-4913-be2b-28fcba4fb1ca,Laasli S.E.
547b3e36-68f3-4236-bac1-4ebe5fe6d07d,Shechory Bitton M.
439351dc-28c2-4a35-b997-48fda18493d3,Basedau M.
095152f0-22f4-4e93-a2ae-ad4840d68800,Torres É.P.
ef751a65-b954-473c-a584-326bba3984eb,Lamhour O.
a0f49e38-3b11-42e5-9d22-4fed48fd8b53,Chen Y.
2a520d4a-4290-4102-92f6-b34114e45d67,Ghosh S.
facdc331-a436-4848-b4bb-24468ea197db,Barcelos L.A.
e5b5f809-79d5-4e12-a583-86e8f93c08bd,Ishoso D.K.
2f31cf70-7333-4305-9c05-c5fac1089a06,Jiménez-Moreno M.
eb356520-00e0-4090-b361-b7351c68880c,Bezanson M.
7469f888-53e8-4fc9-a47e-18fc29e9fb96,Williamson S.
d80bf217-3306-4b24-bf4d-a9db72c8f5de,Aguocha C.M.
0bfb5e22-23bd-446e-95e8-360aefeb3ba7,Ed-Dafali S.
74593827-d3db-46ed-8d6d-01f101501725,Limbu Y.B.
5c8498de-0a41-4a06-95e7-325c9141bc96,Akhmetsadykova S.
a76d48ea-bee9-4621-8196-95201744ecff,El Fakir A.
cd1b513c-9fed-4ecb-b858-4ba5c89ced67,Dewaele J.M.
d613b9b3-995e-4268-8e0f-e90cec4f2953,Lysa C.
658fbed6-1d6e-4698-aeca-2f695a68f211,Benítez Fernández M.
0d2066ba-f921-4575-bb61-be2e52ac44e4,Mussino E.
da660c1e-95a3-4ecf-8dd8-232dd3bfcee8,Li X.
1254aa39-830a-46b4-9abd-e51fbb61d9d8,Kolandai K.
f8d08edc-8592-4b01-b16a-1d4ce5388cea,Eskandarany A.
e4b4d954-eedc-445d-a01a-364c3a66463d,Azanaw J.
573efe7e-6fcb-46da-a934-95292019e43a,Mazher M.
16a93450-a979-43bb-9e51-9f3c45d63227,Kraft T.S.
12557d7c-32bf-4a3f-936c-58bb0acb478f,Connolly M.M.
b2222a38-420a-4925-a3c3-fe3e2b1d8a2d,Kassem A.
02086a66-e1aa-4086-be11-08f4fd636dee,Engelcke D.
a4e6aab3-5666-4aa1-a285-0e72d5063991,Subhan A.
95bb72ab-1779-4a48-9de2-32c41997169f,Koenig H.G.
021d0c37-b365-4c3b-ae05-335a62d45345,Linden-Retek P.
1a299765-d761-488d-be13-81729475e8ac,Yu A.C.
39e61d45-903d-499a-aeb3-73eec2b17615,Hefner R.W.
3703aad6-9129-4c54-8b2a-e762380f061a,Khattab G.
3222e557-78a2-4377-a895-63ee84f728f0,Bashkim M.
2f946b75-f286-4ec9-9a87-5a011ec99fe5,Leandro F.J.B.S.
c02aaea9-bc7d-4965-9f3e-5f8f800c65b4,Gavriel-Fried B.
f62afc27-929b-477e-b5e8-114fc9611d46,Rodriguez D.G.
888378d4-c032-4f44-8c8b-55e0051e2563,Furseth I.
2d1a470b-cc7c-43e6-936b-df0bc4a5686a,Matthiesen T.
c1b0bfc3-468f-466c-9959-a9b9c98b647e,Hordofa D.F.
d719eb3e-d113-48fc-99d6-f21f48a6671b,Ye W.
feb89aca-48cf-4142-8723-761d045557ae,Abel S.
0347147c-038b-4772-8509-9c523c337d1a,Bensalem E.
f27560c9-4c99-4ee7-ab2c-5c4b095a6ad9,Jankowiak W.
1206ed82-12bb-45a5-9ef5-aaab8a83361a,Athreye S.
010f1258-3044-469b-a39d-e913c5b3cce4,Saiegh-Haddad E.
91efabb7-a035-4ecd-8685-04cfbc7479f6,Hagues R.J.
c273fb61-19f0-4e15-bb04-75bb1c990fe6,Tezcan T.
5895fa38-3ec7-4d30-ba22-2875c20d50c8,Jabbouri I.
3efb0908-ae08-41d1-a10e-2f490814808f,Kurtoglu Eskisar G.M.
e6a7713b-defd-4849-8216-1496e4d3c8ce,JinRu L.
04c99c17-a813-455d-8217-5b1c213de912,Yakubu A.
f0666e61-31b6-4d60-91c8-fa6670540155,Jafarzadeh H.
c0bbc28a-3c0c-4db9-b5b2-1148dfef06b4,Duffy P.X.
b69a2372-8bc7-4287-9148-590cd0c7a8d2,Dong G.
902a9b6c-fe26-447a-a545-5750391edc93,Sweileh W.M.
aeea1b6c-30cb-437b-9b4a-83c86de6d588,Bolarinwa O.A.
7d622f9b-68d9-4265-86e6-e956c3a0b76c,Fair C.C.
ea27021d-5284-4d23-948c-89e070dc3aca,Merouani W.
5d49926b-a6a9-4cef-9707-da837f170c75,Hachimi A.
c95c9acc-ae2a-48cb-aa75-fd80953ac4c9,Newmyer L.
c1383c91-94d4-4b7d-a81b-bbf703c08178,Lucassen L.
daa477b9-af28-47ca-b6f7-099f0a71d4ab,Minkov M.
98fdfc74-d04d-4741-98fb-dc0e82221ea4,Dangles O.
d4c6fa1b-cb1e-4cae-bb62-873eae4e255b,Kimani T.N.
1f503ddc-8444-49e3-915e-5d34e12ac78f,Sadegh I.
4f7233b5-31ce-44f8-87a7-61ed941e32ab,Urban-Chmiel R.
5a986d16-7ece-420e-8fee-6caeeb8710f7,Epule T.E.
3d632c6f-77d5-4615-b47a-538104160dc9,Bravo G.
92ace86e-afcf-4d6b-a291-8c28747e9aad,Meng X.
6e80483e-ae10-469e-b1f8-7f14879f3756,Zhao L.
1a69bd22-0658-4caf-b11a-0f4f7c66dcf3,Gamper M.
b98bc608-c690-4ccf-958e-91a8a75100c2,Gilliéron G.
e11f59a2-8954-494c-bef1-1780ad27265c,Hakim G.A.
f30ee929-6f31-4957-9675-b940b600c88d,Acosta L.
3cb4abfe-c034-4d15-b33a-20f78831df35,Tessmann R.
cd74f8d1-1244-414d-af69-31ed13b82976,Dwivedi S.K.
7c0d9b8a-f621-465e-92c2-961142b7ff9d,Rifat M.R.
ce4b738b-254a-4489-ac9d-b94fec7a243a,Spadaro G.
bfd7a972-0233-45e9-ad5d-1224c747b86c,Lachgar A.
a76732e2-d297-4d4b-a4f2-c26c93a1bdde,Wang D.
77b20248-5874-473a-8dd2-74af27deabb0,Bilan S.
95b0c886-2338-4751-86a0-8356b3433b3b,Andriamahery A.
6f00cccb-b719-498e-9569-9312c88a3dcd,Leruth M.F.
6de3b64a-8d98-4deb-92b2-acc74a6a98c3,Biggam C.P.
6ebe5137-62d6-4f9e-873b-e299325dd017,Cheung C.K.
4fae6bd3-d2b7-490b-b359-250a7b5570b4,Spikins P.
4845b77f-fd08-48f0-a431-3a28cd13b91d,Satt H.
ad199b94-94f1-4776-8e83-b5cbc7ea1dd1,Mauss V.
a7a2a90d-0f3b-4618-980e-86432ee2c5de,Skirbekk V.
3000416a-585c-4c4e-9624-6f32073e49ee,Ngubane P.
cc91fddd-cfb3-4a5e-894f-a6fbb0bfe40b,Heilbronner O.
488449fc-fc47-47a4-a986-814d4758e29b,Mastari L.
57ce5584-979e-4087-9fde-22a084dd3391,Ezzahi I.
277eb9ba-0a2d-408e-9d5d-870dda455fe8,Duadji N.
5798395f-7b55-4de9-a16d-510c482fc331,Yogev D.
7d486fb9-c85d-4f22-bb37-ed3dbd86f55e,Laouni N.E.
831971c5-c700-45a5-85f1-d941dd777ea0,Hongxing Y.
740e28cf-827e-4367-aa18-151e8a749f96,Guessoum S.B.
12be4bc8-78ba-4bcb-af25-ae54497fe45d,Molteni F.
f63b8f29-7258-4857-ba74-78fb257d7355,Girón A.
686e517d-5f61-4168-8859-83fca90980a2,El-Ouahi J.
08c698ef-2d0e-449f-b4df-705a90aecd58,Ravi K.
32add774-3faa-40bb-b3d4-da0b3b2eb346,Motawy Y.
76ca5b1e-4a0b-4762-a4c5-1034205b4497,Yadav D.
24a24d6c-6c2d-4f58-bb72-fbdabbbb5994,Mensah I.A.
a4738fd8-87b3-4b31-9a21-2bf1eb5c5ba1,Chakrabarti K.
048860da-7f4a-4d76-bfe0-4afc5b6efd50,Bhat M.N.
b89a3191-cacf-45ec-bb7e-1156f36dd27d,Sitzmann T.
a9248cd5-4520-4363-954a-f7dc8780fe60,Driffield N.
edcd85ce-b4a5-40d3-8884-62ca64bf0a37,Ouasri A.
56b31260-697e-4ece-85c8-ba7b30f9562f,Boccagni P.
98f00782-1ea5-48cd-8844-2853d91ef788,Bergenfeld I.
f01d63b4-d6e1-4184-b048-f969460accfc,Mghazli N.
46b315c2-5511-432d-a319-63efc3500ef3,Yeo J.H.
9f48996d-6f98-47fb-8546-34089c87c368,Khan S.
f9b411d1-9a5b-45fa-87a1-3ec732ddfd16,Bengesai A.V.
b481842a-ab86-4e21-970d-2e3cddd1e514,Dionísio L.
853a69c3-b47a-456f-9c11-861a63180c45,Belechheb T.
68073ba8-d609-4255-8482-e7d01eaa71a2,Guleid F.H.
a9390490-9545-4b2b-b02a-d8d27dd98bd0,Belcastro M.G.
ed060cb2-95c5-4942-beec-179715845fbb,Bruton G.
9a45aa87-0bc1-4620-8a26-7bf48a191d28,Bava S.
7bfec5b6-bb91-4794-9a85-20a44fe5c92f,Elkhdari M.
ca2a9446-de91-4606-910b-a08f1fd65bb1,Martínez-Martínez O.A.
6f9c6826-d303-4ad4-94a6-9fbd19fef7a6,Phale K.
e26986a5-645c-48f0-816c-a17d60310eab,Sovacool B.K.
80ec641b-5681-4da8-8ded-38ee11e375af,Hansen H.H.
ebbd85dc-713f-459b-ba22-4b51c9897510,Cai H.
14f2ec6d-0e56-417b-9998-82bcbb5e2483,Fitchett J.M.
5782be34-98e7-4e6b-91f5-0d0af28765a1,Al-Sharekh A.
8194889f-29b1-4f61-8eb0-e6f6749a321c,Newland K.
6d443ddc-015d-4be6-9e1b-6b48a2c1a939,Vasilyeva T.
ab015df0-7f01-4be8-8427-f773782d3675,Cardoso R.d.C.V.
efe0e4dc-494b-43a2-af10-82f19f1b2f32,Huxley F.C.
286f0191-68f2-4251-99b6-4474d0eb2a2f,de Bruyn P.C.
020d46c4-f396-4f37-be5e-b6b0ca95872d,Khan A.M.
2dd306db-bbf0-4da9-baca-30a50c69e9ed,Islam S.
af3a3a06-0cbb-4df0-a79d-51935784f8ca,Garcia V.
1aa1b29e-4db6-4209-884b-c150b230c723,Vavrus F.
9a355bad-2729-440b-a267-8442c6809670,Planel A.M.
ec7e35db-c6cc-4722-95a1-b27859f7a576,Wood B.P.
eae0e5cb-b676-4c1a-96d8-b940269a93c9,Rotimi S.O.
6d8157f9-a04d-4720-ab34-f23a11cb434e,Sousa C.M.P.
af4953ac-7bb8-43a7-bde6-730d59b5b43b,Padmaja M.
78da7398-3600-4f87-ba8e-6e3f304ffa9b,Lee J.
41801977-da6c-4eec-97af-8d497d124942,Ojediran F.O.
e46505f7-6a1d-4632-ad40-10470c5e4b36,Blunch N.H.
aab6b381-8e95-4fd0-986c-3774b6e6ee13,Diop A.K.M.
4b847c3e-791d-4522-89e4-1c8cb4bbf81e,Fajth V.
00893e69-dc3a-4b43-9773-226fd943cfb2,Efstathiadou E.
64b63dd6-4765-4070-8387-40a91fcc807d,Khmous D.F.
83579759-8baa-4a4e-9702-0f3d70f56a38,Shao M.
0926209e-e0a1-4a44-b34f-3c70ab922633,Yasin K.
aa270e09-f65a-4426-bc5a-c1520a89e2ea,Mortimer G.
b8cb6ea3-aa60-4f96-906d-4fcbba1ceea0,Adator E.H.
563d6c22-6157-46d6-904b-61845737dc36,Priyanka S.
add12c4b-8425-41a8-9794-b19872261635,Schewel K.
aad14410-ece8-454d-a333-d2a7688aca52,Milana C.
5127e353-ae74-46fe-a6d8-ce43d3dce513,Anyangwe C.
789844b2-6a94-4474-961f-3230b027f204,El Bilali H.
edaed2eb-ee07-4dca-a5b3-14b58631c49c,Flici F.
f9f4fffb-3f37-456c-9dae-e4283a56c32e,Martin L.
3990aa00-088a-4ab8-bdf1-cb92b8aa7e78,Osman M.
7effcb51-bfcf-4d00-a840-b02d396c790d,Delgado-Algarra E.J.
1d549443-6ff8-4654-a22f-0f2db3fb93c8,Bartal S.
9cf77f76-4978-4d00-ae11-dffc0bf6ab61,Martin S.
f8488874-e00d-49fd-86cf-8cd14fa0a4dd,Connell J.
ca08db0b-8090-43bf-8592-3680660465d4,Charsley K.
e7b4e0b1-76d0-42bf-91a9-3cf794fb7ae5,Yilmaz B.
1d68d5f6-53a1-40f4-b2f1-d33dd873446d,Pruvost V.I.
0630866c-9820-44f4-9f15-17732cc60651,Chafai H.
e7f4417e-b705-422b-9099-20ba5091d2d7,Zhang Y.
f468807b-ffa8-4608-b483-f797ce1b73a6,Piechurska-Kuciel E.
acb31bf0-3185-4039-8274-dbacd02af8b4,Flatt E.J.
3c12c951-6986-46ac-ae68-ca994e2eb1ff,Elie S.D.
bd3949a5-bb49-4980-9b6f-b063e3cdb567,Adams M.
09065102-54e3-4ff8-97b1-23bbd5117d12,Koutsoumanis K.
29f59e6d-de9f-4bbe-8dd9-fbc5e2b338de,Lujala P.
b271e076-8044-4d21-b462-5f086825aa37,Fernández-Bravo A.
44059bbe-2c30-45ad-a03d-937677b8d4e6,Heymann J.
53dd9c82-2d70-414e-b2fc-462a174491e4,Azzaza M.
9ca24585-8d94-4f6e-878f-3f8ca2143d0e,Sunder N.
b0925c7f-8418-452e-b3d5-f3be7b04cbfa,Burger P.A.
af0f85f5-c10c-4795-bce4-09bfef7df727,Álvarez-García J.
b34d92f5-d418-46d0-affa-1b0a9174d648,Tadmouri G.O.
f964177c-8fb7-4ab8-b261-96d65d86b513,Zucconi M.
df869014-1ac9-4264-a478-0dfed0b63287,Rodríguez-Díaz M.
37ad9d1e-1fcc-4ca5-babf-c2233837e071,Voronkova O.
e7d992d1-ec57-4ae7-82fc-7c695b718fb6,Kohno A.
caff42cb-34bd-4dc5-a707-acec0a892178,Arousell J.
56578b1c-971d-4e67-82d4-a40891962a78,Cotter W.M.
9dc57e19-54db-4d25-a8c6-2b29823a8710,Haeri N.
3d82a686-579e-44bb-a8dd-8d5c7cab9d41,Gabrielli G.
cc8ff770-d21b-4aac-9aa9-a3aa41a7ff44,Belhorma S.
7077534a-ceee-4fb3-84d4-c3094ff0a155,Ardalan K.
607f0ba0-f1d9-47de-966e-c9895f8589aa,Chih R.
f8146d1f-c2d2-45ee-ae2e-c39497f2eb82,Guinot D.
0b2aafb4-0998-4665-84f5-6b4d4930aea4,Meng E.
44305512-9779-49e5-bb50-82c0c23cea32,Harkness G.
5455fab5-7c5d-4bd5-aa11-7b79726646fe,Ersanilli E.
1842d35b-daa1-4a9e-819c-e077de6a0fa1,Garfield Z.H.
a90c7e99-4f86-4943-8942-82559d0abe49,Perlman B.J.
c325fd2b-d914-471d-b031-541562e7533a,Granelli F.
7f65d461-5f6e-479f-b843-1c2fb771d9e8,Kuznetsov S.V.
bddd0f37-2d0d-4240-b269-9d9bad9ebbcd,Zain Sulaiman M.
13a186e3-701e-4f1b-aa66-52ce6ac6c031,Gengler J.
8868fdf1-2a90-46f0-8ae0-2be4a42c1025,Cardosi G.
428c9d02-e9fd-4138-a43e-b64d7ec17e23,Wolff H.E.
3b9b6584-f93f-4901-850e-641ac0d6f8cc,Smith A.E.
45982e98-993b-43f8-a982-c69eea3597ea,Lakos A.
1192539a-9a40-4e3e-af1d-ef8148ec6911,Wen H.
74f2bcc9-4f42-4973-82a9-899bc424d86b,Thomas P.W.
5584d7c0-7fee-40b1-b39b-caaedb997ea9,Susanti E.
b2d4566b-af7a-4dcd-b277-8f8f6762ce75,Tessler M.A.
fb6f5f57-8e02-4f74-9781-25772c5a64f2,Khoukhi S.
647b6e25-e1f8-4b79-8ae2-1f92502fe486,Ramsay M.S.
e2ceb55d-5ac7-4657-b371-ea0f098d6b8f,Barbraud C.
17abf20a-e049-4afd-9b1f-b07baa5f9c4c,Accordini M.
afe2b6ea-8126-49a2-81a4-fa2c356c80d3,Choi H.
d46d9225-d0aa-4b60-bb67-d60d20bc5a7f,Boehe D.
d5e3da07-5112-4ddd-a6c1-e77b2ec573bf,Runyan A.S.
539bffce-ff00-4454-8a21-828474f0cee1,Polavieja J.G.
b1fced42-106c-4405-a203-d90c392eab49,Singh R.K.
fc295b18-e532-487e-a587-c8eb43bf2d04,Gallouj C.
499acc49-090c-4f31-bae2-cf7f7ee1faf1,Rojas M.R.
749ee888-960b-4147-a3d4-abae0a9d58be,Sutter M.
cd1723aa-ce10-4098-86e6-dd5c8061fcd5,Van Pottelberge A.
3e701951-a2c5-4636-b4a7-dc2e36fb5a97,McClendon D.
9ec4e018-e347-45c3-aea7-06e9ffadf4b0,Eger C.
00ac2098-e946-41ce-9438-c7c7da698c7c,Bowrin A.R.
0b8de8c0-42c1-4421-927b-aa452292fd67,Akseer N.
708122af-cdce-4d02-a24d-7b066f91e012,Trachuk A.
7d15dc56-a07f-4e1d-8758-3bf727926e76,Corstange D.
9c76c999-40e5-48c4-8188-c0581c4302ac,French D.C.
c128827b-318f-4564-a9c4-092c6c4baad7,Giraldo Herrera C.E.
9c291af3-babe-4785-bcde-767219249260,Aboul-Enein B.
21c80d59-3daf-41f4-991c-14aa851a04dd,Kwon H.
337683ec-9d29-4860-ba05-7d5ccd4f6823,Wainscott A.M.
8dd3d8da-4d81-4d34-b1ca-194f2d24c680,Yount K.M.
d86501dc-1afc-4d2b-930b-2c2ea99f31e2,Wagner L.
22e481f6-509d-4854-b204-0874cbce340d,Al-Atawneh M.
c2f31526-3134-4597-9b53-7d057e4eb732,Cliquet R.
e7a081a1-2c08-43fe-8aa2-958754e0198b,Lal R.
57179664-7ba8-43be-abf0-a12ee59d85ae,Johnson S.
fc3dd1d0-afe2-446f-b807-cd073303d713,Fox J.
e0150e8d-f62e-495d-973c-45192fc2c3c9,Parker S.C.
b42e9ecc-9008-499b-a519-13f914759d80,Ellis L.
23a01ea2-da54-4a0d-a549-a1958f63678b,Botero C.M.
7813c78f-9cdf-457a-b549-c70a7de52e2a,Lynch G.
23842f41-84e7-4bdf-a5ea-7855403a52cf,Seetah K.
e635faa8-612c-4a28-a2a6-9d11f061657b,Jawab F.
48fb1353-1f47-46ba-a99e-e1857e2ff442,Howe J.
64d95dac-cdd3-48bd-b3d8-48f5cc478627,Pepinsky T.B.
54909143-66b5-456f-ad48-4de3132bd0aa,Walonen M.K.
a39b61c4-47e5-40d8-ae06-c047d17a5d28,Horton L.
d236f5a1-7bce-4ec0-ab9d-c2e5e79aba27,El Makrini H.
e847a7de-09cc-4454-bf63-367378ee164c,Samari G.
9d9231ad-611c-435c-afa9-9f415c4bd9b2,Schmidt S.
502df961-e2f9-4fe1-b321-bc7885b768f4,Taggar G.K.
5d2c8388-c8bf-41f3-a168-2bef9201c5af,
e27777f2-e37a-4ab2-a3c1-ca285290c13b,Bochen C.M.
b94c491d-6d6f-4d67-b4f8-57b1ca5391f1,Boyle H.N.
5c7345d4-5248-49ee-ac92-df813cbac021,Wijayawardene N.N.
f50e78b0-34b1-4353-bc3a-e6f8a42a385b,Jackson S.
39aeae1a-f136-4c32-b45e-7815546002c2,García-Quevedo J.
f3447daa-183a-43fe-a1b6-0e9864d4ff69,Patrikar S.
e895fbba-a603-4c2d-8020-60c4ca2b27f7,Mikesell M.W.
120b3149-3fc8-42df-b9a9-ddacc01c5b34,Pomortsev A.A.
8012e0e2-fc62-4687-8cd3-6156f393e51e,Varisco D.M.
022003cc-e36e-4970-97ca-8c95ccc8a75b,Pradhan J.
a7ea611f-fc66-492d-80e4-f8364309c219,Bachmann V.
8e0b51aa-9de8-44a3-95e1-9744f6860a96,Adamczyk A.
b5698259-4bb7-4e93-b300-f21735334094,Corsale A.
1130dbbc-eaaa-4627-99ba-99b1ef20f423,Agius D.A.
a90fc913-9116-4b69-b05a-06d3b80c20e2,Den Hertog L.
1e6c3d1e-3fdd-457f-87cb-2a73ed722812,Said R.
b28e8677-ecd8-4619-b15b-07d6e24c7239,Bowen P.D.
faf60894-1440-47ce-9152-99aac460e95a,Lange M.
4165aa46-da33-49aa-b99b-4497f947f11c,Jacobsen K.M.
a851aa70-071b-43bf-aa5e-0b4ac50b2f6b,Talbayev E.T.
9f81fabe-7941-4936-bfe1-0d0ab315c936,Giuliani C.
37834e23-15ab-4909-9749-7caf9ec93bd7,Briguglio M.
ea7bea9e-df86-483c-ab79-caa6d1ff3a94,De Jorio R.
ecd98701-6cf0-4f79-bea8-6246f5f9e3e8,Austin J.W.
b93381e0-119d-4dea-b1a2-921be8769883,Sakallı-Uğurlu N.
31d97e3e-861a-4d24-848a-36032783b991,Can L.
e7d331c9-7c04-4bcd-be86-2ddf4c86dae1,Makhlouf C.
2739283d-b0a8-41b8-89d5-c0982882248b,Adriaanse M.
e7a3eb30-131d-47fb-9f1a-ec5222c27003,Baazeem T.
2ec5180f-0273-4e8e-99d6-cd8c31aa3259,Sunier T.
4d689f14-ebbd-4eb4-a649-7d075945df15,Horesh U.
9299529f-05e5-4a81-886a-8f7be2ec5f71,Palmer-Rubin B.
b9e141de-470c-46a1-9b19-021eafa74378,Topgül C.
d73b2e5e-43fd-4822-a6ec-fa8f7f7af731,Green-Simms L.
4002e3fb-3b6a-4aba-8d26-4252f7d78781,Carol S.
e10f4f81-f564-442e-bc15-d4d60942881d,Menchik J.
da48e31e-f3c6-431b-9bc7-d2539a11ee89,van Eijk E.
200082d3-9a02-411c-9cb0-4afa9a214c4a,Ahmed N.
1c0af650-8def-4090-b4d1-ed3067f075ce,Montgomery M.E.
a7683d68-fadd-414a-a960-7b741f195ae6,Solís M.
a3968476-1a47-4d11-bc1c-d8a6e385f345,Timbers F.
e8c139cf-0b08-47df-8e3b-3fb317b739f3,Akhtar I.
00325bc1-5f6e-4a43-8db3-26cf60b0098e,Häkkinen A.
9f8301bb-495e-44c4-bf13-c84fd9c62fef,Redfern R.C.
1494eb22-6bd8-4312-8555-bf5c0b7db99a,Samers M.
ad4be426-1e51-408c-aee0-25e5f3f468c7,Wirngo F.E.
f0bbb721-cb9b-415f-b0b2-9d59b2303096,Guveli A.
94e4712d-30b9-4f98-8bcb-da37e9b944ce,Epley J.
5b55a1d7-ad5a-400d-8551-e5301ab03a7a,Halpern M.
f9ec6c87-7aa9-4841-a2af-59d7788c9588,Lapalombara J.
ea65826d-4055-4307-b8c3-3f11aa8cd56a,Ashford D.E.
bb1f518a-e170-48ee-9c90-505fc42036f4,Gbadamosi A.
86858c97-ddb3-4056-b86c-4b9c4d55affa,Hamzić V.
d23791c6-16d2-4397-b1e8-47075c090178,Abouchedid K.
6d23f6b6-61e8-4f5b-99a9-19d61ffdc359,Grünwaldt J.M.
2658650c-41af-4952-bafd-632f5ce238c2,Buehler M.
ad3c3d9a-03dc-454a-bdde-369e043284bf,Natoli J.P.
ed595584-748c-48bd-adbe-ab96823872dc,Helgeson V.S.
f468df84-f96b-417b-a61b-10f9c82382e1,Farooq O.
f9d6b619-6ad2-4904-97d4-c6575451f5f4,Ruban D.A.
ea801f3b-d6f9-40ed-9af2-a4fbb532f876,Gosling E.
40180fe1-2d2b-4186-97bf-1a31e95c3470,Karam E.G.
4a6eea0e-e840-4b38-850e-21083d06cfab,Germanos M.A.
8769e142-fe59-41ec-a309-c95c7b676eb4,Tabor A.S.
ecaecbeb-d7b1-47c8-a7ff-2be84d9cca91,Svensson M.S.
759a1353-abb6-499c-8ae0-517a7e0a4fe8,Kirkendall L.R.
5f8ff686-7f2e-4392-bcbe-dc27aee7540a,Stonawski M.
d89f4237-aac6-48e0-bb1e-58560c16a898,Maamri M.R.
da921fea-c702-4092-866c-f40669288358,Kenschaft L.
7da4edea-af83-4939-b462-50864ecc1f66,Dawisha A.
c1908b35-128f-40de-8a9e-a6129c9f00c3,Li R.
32714d01-583f-4dd6-bbea-4ea2fcc7a1aa,Hessayri M.
86fb5fcb-f2da-4943-9440-3f3e8d08d736,Raviv Y.
22fa36b1-99c3-4d0f-a833-5b178ace05df,Luciani G.
7db4715c-fe87-4460-9df8-152582ea40bc,Bozeman A.B.
38ad236a-f662-40bc-820c-66d7d9c5f9ac,Albirini A.
01b4519e-2dae-486b-84d7-8ad8c32d80b7,Richards D.L.
af967172-d533-4904-a4a1-5c4da1efbd82,Huynh K.
3b4f2e9c-b7fe-4494-82e9-984c1f7b0afc,Diani M.
c3652ece-dc8b-487b-9837-509d9683f295,Lauri M.A.
3c9b0e84-eba9-4511-98a9-41a89bf1cf8a,Brunn S.D.
005911e7-38d6-4b9b-b232-1089d3b26fbb,Hamid A.F.A.
ebe6552c-8dce-4ee2-a454-de6767777a06,Mitchell C.
1c322979-7fc0-4336-ab40-95a113f7846e,Butler J.M.
cde13825-faf7-4b6b-ab31-3dcc08e6af14,Tausch A.
83c9f2c4-aae5-483b-b4af-97437741da39,Fouskas T.
30792ccc-cc61-4875-8656-4019ce4aed2e,Matous P.
ff897f62-817c-4867-95c8-e87fc647a401,Trundle C.
1cddabfd-5e14-4bb9-90b6-fc10d1c81b8e,Teimourpour B.
290badee-f24a-4d67-8ced-cfd3490cd795,Spierings N.
397ced3b-71f6-4804-aa54-22849d412abe,Cook M.
28c6282e-fead-42b6-a7bc-39fb57f93fba,Machlis E.
d2945353-7a8b-4725-b3d5-e778298aad9a,Blitz B.K.
b7d6091a-c452-4841-b496-fe89b774f1a6,Joshi M.C.
7424f272-8977-492f-b081-2d21a3961781,Mead J.R.
64ab7803-1151-42bb-8104-100ac154ed44,Von Mossner A.W.
0752b944-68fc-41ee-976a-7370cb5c4ca5,Irani L.
16196db6-6219-469c-ab70-f47b827a37c9,Dörnyei Z.
8cd281bb-28d2-4966-b7c5-f722dfcf7dcc,Lancee B.
bc06166c-68dd-4586-bcd2-15351a8324be,del Rey Poveda A.
d7512cca-4e58-4dbc-9da4-366cd8380449,Kayed R.N.
117cf0fd-531e-4bbb-94d5-6747d089e4c0,Ahmed Z.
0d243085-1d9a-4f3c-bd85-6ee81c9f1094,Demirbas D.
71950381-be5b-486e-9ff9-c50d3c2c4fe1,Singh Dhaliwal B.B.
2ed1897e-4dc7-4f92-b73b-944e4195fc17,Gubry-Rangin C.
210bfa6b-1e1c-41de-9648-911aa721cbe4,Jeon Y.
8cdad3f7-fb61-41bb-830f-96cc27e14ffc,Jakobson M.
72b12ac7-9753-4c4e-865d-1c7c58b81b58,Liu D.
54ef61e0-e539-4294-b008-bb38159a63e6,Jain S.
44c2f0f0-1735-4662-9daf-a3e23345a7b5,Djeriouat H.
433fde9a-7cbb-4a33-bf45-34933c3110ab,Westwood S.
b4233f49-55f9-4466-8778-3f6edc680c6f,Snyder J.
75708155-e592-4600-9296-e69fe3670bf2,Onea T.A.
f9e6c5a6-af6d-45e7-9924-38baaa832f6c,Whyte I.D.
f26cb19e-a1ae-4fa6-b0fd-207f009f49de,Kumar P.P.
f2de4c85-2240-4b39-944a-97b9c0661230,Olthuis M.L.
0d93d46f-3248-4126-a3bd-564ecb1f827b,Hafez S.
770ce22d-7fa9-475f-99a5-998df045b31c,Hefner R.
d8e9a6d7-839e-4580-8f3c-916705483529,Mizrachi B.
3022638f-d101-4df5-a5d6-5d40d0290038,Smidt S.
7176ee25-8127-45f4-879a-ce5c4c1f07ea,Khilji S.E.
0b7b5aa6-442f-4307-85f0-debf30a2f52a,Akdere M.
57aa38bc-7c9e-4c84-84d6-fe8297bc46ed,Kathuria V.
9e25a61b-0cca-4c5e-bc1f-c94717fd336d,Cleary J.
6f47260c-2730-493e-8fa1-31488994cf8b,Finney N.
e6732eac-34f4-419d-92ff-98c934800560,White B.T.
0fde2f27-a4de-41c9-aab3-b923fa0540cf,Motschenbacher H.
33ee3301-225b-4d90-8e6c-edc096413acd,Zang X.
cc1af949-e9b4-4f03-bbad-72d85dbe9dcd,Ben-Nun Bloom P.
f2959685-7f26-40ba-97fa-7be080f5ab89,Datta K.
e5d9cc61-22f1-4b69-885a-b0e217247ecd,Edensor T.
3847a3db-9e5d-49cb-861a-35a102b4610b,Borbieva N.O.N.
3cceef57-8892-4600-ad42-cbd50cad4658,Ben-Arye E.
4c2bee62-cd1c-49df-978b-989140c40408,Minca C.
e21a2bc1-9eb5-4604-b2cc-b896aed5c9e3,Sarma T.A.
9f8341c9-fca0-4209-b819-eafd06f73a8f,Grace N.M.
5ed46230-db52-49fc-8e75-5efaf6bd1adb,Sears C.E.
218c27d2-6e0a-4c53-a9f2-5ed915146f5d,Kobo O.M.
72140376-a143-4502-9cf9-1b7d1df12b0d,Doh J.P.
4fd811e9-bbb2-4e6d-a941-409a0f70352f,Rodríguez-García D.
0390e88c-7ce2-4a99-ac7f-deff715c5b27,Daly E.
136a54cd-cfed-452e-8fe1-5a1f34311e1e,Simonsohn U.I.
30faf7e9-92fe-4af2-b441-e84b61e48b9a,Schatz A.
55c96f58-d4fc-49f6-a7af-5370cbcd9067,Pagliaro L.A.
42ac8013-ea20-4975-ab64-32b969822a3b,Rothman K.J.
4ea35a2a-82f0-4c56-a1b1-591e6c5c5b17,Paalman C.H.
d1df01a3-db7f-4d38-a973-22f828ed6646,Lamin A.
5c906487-6e4d-4331-8b57-4b4c71f509e9,Thomas White B.
a884d3a7-ac8d-4a5a-8c20-f74ae2f6142c,Hamelin N.
edb5f924-3c69-46be-8e06-f9a6ede0a7c5,Amouri I.K.
6ffb279f-325d-49ab-b554-d0693993e22c,Hirschman E.C.
65dd8618-2226-4f76-a709-2b2e7e0967c7,Sedra P.
0f47540c-bb43-482c-8409-e517eee2ff1a,Cohen E.H.
09f12ba9-b1d2-4c6d-9591-ed11ca5c0a41,McLeman R.A.
8438e62b-3160-4130-bb7b-b5afff4c5b3e,Gould A.C.
07cc4e1f-73eb-4a24-825d-937bf2e4ab89,Sluglett P.
89582129-4772-4ec9-bf6b-c31735a871ff,Bekkaoui K.
d33b0621-4a53-4ba5-afb7-d4e94a490297,Beritelli P.
ff28f208-cee6-4988-82cf-b0e36a5f3b31,Gu Q.
6605e49b-09b9-4aac-98fa-f4be6104a011,Gaspar S.
931a53a4-2ddf-48e7-96af-122acb3e6ade,Qureshi A.M.
66737947-9652-4be8-9b6f-54bf12260ed7,Puig F.
adcafd0c-8e17-4041-9524-11d4f89d93c2,Hruschka D.J.
722b669f-58e5-4b4b-9022-a0f2065305a7,Bayat A.
8c2f9a4b-f2a5-4341-8719-0cac5c0a02f7,Milewski N.
deef3938-242c-4018-bf50-2802782a7d4b,Kobeissi N.
4010d39e-84f0-4ca1-8a70-5ef29ad87c0b,Mazboudi M.
873bdf2a-3a7a-4526-a11c-79f2ce4e3b20,Kogan I.
3f83ae7a-e4df-46b2-8c07-f45104e6e953,Kalter F.
599f0cbe-faed-4b8b-8094-8bc657d7eb85,Smits F.
eab3032b-517e-426a-9d99-ba40275981d1,Vaupel J.W.
bc07808b-c2df-4a85-b605-52f51d05a7ae,Bassiri K.G.
00075f9c-1ab6-43f6-bbef-a9b304b59d2f,Laznicka P.
4e534f33-76ed-4558-941f-9f27c15b4ac6,Yahyaoui A.
7d5535c8-cb3d-4080-97bc-741ebdfec709,Ayish M.I.
e1238e28-51a6-43e5-899e-0a0a454c7a39,Elton G.R.
caad8f2c-d2a4-455c-bab1-5b31d2e540d6,Gavish H.
1e49ba41-2a8b-4ff7-9136-59d42af705dd,Pirajno F.
4e4e51f2-b788-4d23-be28-78185b1900ce,Lia V.V.
76d2670b-1b1f-41fb-80e9-134ff42cd727,Merz E.
e3112d37-a0e7-4d45-a2bf-cbdbd1336301,Lauermann J.
42a4647e-c7ac-46c0-b7bf-818ba39427d7,Simpson A.
1aeac5c7-70ba-44fd-8eba-7e1f0d112826,Allen N.J.
c1ab19af-c5d1-4094-8b72-f41832f74e46,Shandler J.
618014cb-dd5d-4163-81ed-33b901f398c8,Bonne K.
06afd31e-963a-4ab7-84be-ad195737378b,Levecque K.
8b0cc2e1-e82f-4b20-adc2-7bc65603a34c,Rugman A.M.
f6889b99-498f-497f-b393-6b5e9789c952,Leone T.
6ae81e41-96d2-4552-bc6c-e3e1f0cd6974,Furia P.A.
67cd2f43-5f9e-45e5-b801-41a5b0d37b42,Storm L.
6ec42410-bfbb-4a6a-b9f6-a5d96b1f7325,Hussain S.
7e8e67d6-d21e-424e-82cc-c00cfd32263b,Belhachmi Z.
8aea204f-0e63-4bbe-a88d-e6004945c1f8,Magen A.
a9a70e68-3778-439f-ae2f-f1f4612c5f11,Tayob A.
192b3dcc-ff3f-4b8f-97b3-e3ebd3b9c2d7,Gondwe M.
0c62c5a3-f955-4e7e-ba57-9128543b8a5d,Duranti A.
0b1b5da4-c743-4378-a4c9-d8327766f65c,Farid M.
4280e92a-97a9-4507-a138-ce2167021227,Jacoby T.
a6c01379-af64-45e1-b6ab-fece62128d29,Chaturvedi V.
6e527554-4481-4603-bedd-9d4b5821ebdf,Mather C.M.
f1b27d05-6fcd-42e6-a5da-f7a79705c599,Bryant C.D.
8c760338-b495-4cf3-a101-f657eb4c9187,Gerhards J.
eafe3d77-a580-4a87-be94-da993aef2060,Adsera A.
eba859f4-1f6a-4fc8-a8fc-0b13bcd36f60,McKay S.L.
d6974010-f37c-43d1-b6fb-cae34a5c4dda,Fuse K.
10f09c8a-8050-4bee-b821-70ede0094ca0,Pentecost A.
afa8cf21-c3bf-4704-8e10-de97999644f0,Thomas M.
edbdb9c6-7248-453a-a267-23fa83350b99,Ruesink J.L.
36d60139-de90-4e85-86a6-f0229b2f4e5b,Barnett G.
14c60146-2651-40e5-8a4f-57cbf9ff3e34,Stevens G.
c9dcb62c-3d85-4381-a609-5b255b0b4ce4,Lloyd C.B.
b2b86866-7096-4307-8696-035acce25a30,Goldberg P.K.
48874dbc-4b93-4fd0-bed4-5462bbe0f328,Banda F.
932d1cd2-6986-4a7c-8d40-9679272bc1c7,Colwell-Chanthaphonh C.
5265fce0-4353-4d59-bd9c-abf7e1cdf9d8,Salamandra C.
4a4d6721-3195-46b6-8dd2-87bfafe37893,Siddharthan N.S.
da4e8626-4295-49ee-94df-f739d9bba454,Hall L.J.
232b665c-42b3-48d4-a3ed-8be1fb38848a,Joseph J.E.
3f83dcce-ce09-48aa-b60f-5cc929b74861,Luscombe D.
98febc43-62fc-47ec-ac94-6c4b6d655180,Lazarus N.
e8601b79-c7bb-4144-ac31-ec60782209c3,Jensen C.
91f4878f-1ba9-4328-855b-7d66ac7a66a1,Lucumí Cuesta D.I.
d2f82719-411e-4b8d-ae2d-c0b0802dfaff,Drew A.
d4ce7679-e67b-463b-9400-7a2ce00ba822,Green E.C.
775b6821-4eb0-4814-a9c5-ebfa4c16b3d7,Gilliot C.
af3aec01-a327-4bb0-a7b3-63edc73c0531,Kemkes-Grottenthaler A.
6eb835ad-5ed3-4947-ae27-6d1dfab6c4a8,Melcher F.
f734f718-e6f3-46f4-a8b8-73a58678884b,Boulay M.
ccab72c7-4e6a-4916-bb32-d4afbbb96a9c,Van der Wal M.
def80dea-3441-4ed1-aa8a-b1781fdb4f5d,Haddad Y.Y.
5762970e-658c-4b14-bed7-97ebc55c6814,Mauss A.L.
94c6c00e-f08b-412d-8a06-89fa9b4fc69d,Droop M.
db38abf0-88fb-49d4-958a-d3a96f540f36,Baker K.
f9b23201-e64f-4ff1-837c-081c137c95e7,Strier K.
17d89598-045d-40d9-b7eb-80445340462c,Baddeley A.
ebadcad2-ac98-4d6c-8dab-abeedea016a3,Yiftachel O.
76d1b0eb-1a34-4170-95df-3506aa84a29b,Gilsenan M.
dd79fee3-7276-4247-9082-6a45c3c81451,Sommers L.
9597fa41-74e3-4089-9f5a-e44855c6a53f,Marchione T.
a0984cfd-9d5b-429a-bcf7-fa8cf52b3d1f,Wolf K.H.
187deba9-1f45-43b0-9d37-c905bf6d30e0,Oppenheim Mason K.
df8a45a2-9298-4285-8537-0c89676f83f6,Anderson J.
a2622012-88e9-4487-a760-41ffd8c7db32,Wuthnow R.
